Streptmycin,Kanamycin,Tetracycline,Chloramphenicol
0.868377685546875,0.4126739501953125,0.9375,4.921875
