Chloramphenicol,Kanamycin,Streptmycin,Tetracycline
22.5,0.6761384010314941,1.4652442932128906,5.15625
