Chloramphenicol,Kanamycin,Streptmycin,Tetracycline
21.09375,0.6761401891708374,1.4652013778686523,5.2734375
